model,mae,rmse,mape,under_prediction_rate
SMA,7.102440347974581,9.632864757282825,43.28343200800095,60.416666666666664
XGBoost,6.147358858993901,7.485158566868187,44.67549371141912,43.05555555555556
SARIMA,5.983461911144845,7.615803174827958,41.55307137104661,38.88888888888889
